dpi,nbi_maand,bijdrage_werkboek,bijdrage_werknemer,zone,bijdrage_huidig,ratio_huidig,bijdrage_geen_degressieve_schijf,ratio_geen_degressieve_schijf,bijdrage_geen_plafond,ratio_geen_plafond,bijdrage_vlak_20_5,ratio_vlak_20_5,ratio_werknemer,gewicht_gelijk,gewicht_silc_A,gewicht_adi2023
1550.0,1662.9753581666666,351.19130850000005,0.0,onder tussengrens,351.30770185110373,0.22665013022651853,351.30770185110373,0.22665013022651853,351.30770185110373,0.22665013022651853,351.30770185110373,0.22665013022651853,0.0,0.029411764705882353,0.19918306305646422,0.19285857057898903
1800.0,2101.9403058333332,443.8930275,0.0,onder tussengrens,444.0401444580562,0.24668896914336455,444.0401444580562,0.24668896914336455,444.0401444580562,0.24668896914336455,444.0401444580562,0.24668896914336455,0.0,0.029411764705882353,0.08470351539926756,0.07719900010117442
2000.0,2480.358364166667,523.8083025,1.51,onder tussengrens,523.9819053261187,0.2619909526630594,523.9819053261187,0.2619909526630594,523.9819053261187,0.2619909526630594,523.9819053261187,0.2619909526630594,0.000755,0.029411764705882353,0.08687610975105159,0.08386022144847154
2250.0,2964.7334788333333,626.0998545,176.25,onder tussengrens,626.3073592372388,0.2783588263276617,626.3073592372388,0.2783588263276617,626.3073592372388,0.2783588263276617,626.3073592372388,0.2783588263276617,0.07833333333333334,0.029411764705882353,0.11279717661632804,0.09824647555405316
2500.0,3464.2453158333333,731.5880175000001,526.95,onder tussengrens,731.8304835830812,0.2927321934332325,731.8304835830812,0.2927321934332325,731.8304835830812,0.2927321934332325,731.8304835830812,0.2927321934332325,0.21078000000000002,0.029411764705882353,0.08585570974881154,0.09677451195708246
2750.0,3948.6204304999997,833.8795695,611.04,onder tussengrens,834.1559374942011,0.30332943181607314,834.1559374942011,0.30332943181607314,834.1559374942011,0.30332943181607314,834.1559374942011,0.30332943181607314,0.22219636363636364,0.029411764705882353,0.07940140056459302,0.08783168534279616
3000.0,4493.5424345,948.9575655,697.55,onder tussengrens,949.2720731442113,0.31642402438140377,949.2720731442113,0.31642402438140377,949.2720731442113,0.31642402438140377,949.2720731442113,0.31642402438140377,0.23251666666666665,0.029411764705882353,0.08925479753997932,0.07441497775397862
3250.0,5038.4644385,1064.0355615,782.0,onder tussengrens,1064.388208794221,0.3275040642443757,1064.388208794221,0.3275040642443757,1064.388208794221,0.3275040642443757,1064.388208794221,0.3275040642443757,0.24061538461538462,0.029411764705882353,0.07315676135522033,0.0596583267734509
3500.0,5583.3864425,1179.1135575,872.95,onder tussengrens,1179.504344444231,0.3370012412697803,1179.504344444231,0.3370012412697803,1179.504344444231,0.3370012412697803,1179.504344444231,0.3370012412697803,0.24941428571428573,0.029411764705882353,0.03624137061881616,0.04676599850459358
3750.0,6128.3084465,1294.1915535,958.86,onder tussengrens,1294.6204800942412,0.345232128025131,1294.6204800942412,0.345232128025131,1294.6204800942412,0.345232128025131,1294.6204800942412,0.345232128025131,0.255696,0.029411764705882353,0.06457749168083599,0.036481994664903164
4000.0,6696.6943482116085,1385.8056517883833,1036.59,degressieve schijf,1385.6428356743197,0.34641070891857995,1414.6934227955726,0.35367335569889313,1385.6428356743197,0.34641070891857995,1414.6934227955726,0.35367335569889313,0.2591475,0.029411764705882353,0.022085880703404264,0.028085756377069445
4250.0,7240.633839544942,1465.1994937883835,1120.3,degressieve schijf,1465.0138335222903,0.3447091372993624,1529.6020001884674,0.35990635298552176,1465.0138335222903,0.3447091372993624,1529.6020001884674,0.35990635298552176,0.2636,0.029411764705882353,0.014769163711226604,0.021039332150498035
4500.0,7816.569771544941,1549.2635617883834,1204.01,degressieve schijf,1549.0537135966117,0.34423415857702483,1651.2699056632975,0.3669488679251772,1549.0537135966117,0.34423415857702483,1651.2699056632975,0.3669488679251772,0.2675577777777778,0.029411764705882353,0.005914744722618688,0.016210107072087927
4750.0,8344.511042544917,1626.3222907883835,1281.74,degressieve schijf,1626.090270331403,0.34233479375397957,1762.7988190152198,0.37111554084530946,1626.090270331403,0.34233479375397957,1762.7988190152198,0.37111554084530946,0.26984,0.029411764705882353,0.006697150526632377,0.012675173538709021
5000.0,8888.45053387825,1705.7161327883832,1365.45,degressieve schijf,1705.4612681793733,0.34109225363587464,1877.7073964081146,0.3755414792816229,1705.4612681793733,0.34109225363587464,1877.7073964081146,0.3755414792816229,0.27309,0.029411764705882353,0.005602682357229834,0.009647345653574016
5250.0,9427.769079755417,1753.0642535778668,1443.18,boven plafond,1752.8972033745,0.33388518159514285,1946.3823025874997,0.3707394862071428,1784.1579832115144,0.33983961584981226,1991.6397875210312,0.3793599595278155,0.27489142857142856,0.029411764705882353,0.011304308367414148,0.007618923060598513
5500.0,9977.769079755417,1753.0642535778668,1526.88,boven plafond,1752.8972033745,0.3187085824317272,1946.3823025874997,0.3538876913795454,1864.4133232115146,0.33898424058391174,2107.828662521031,0.38324157500382383,0.27761454545454545,0.029411764705882353,0.001278809867533912,0.006028511429001511
5750.0,10527.769079755417,1753.0642535778668,1604.61,boven plafond,1752.8972033745,0.30485168754339126,1946.3823025874997,0.33850127001521735,1944.6686632115145,0.3382032457759156,2224.017537521031,0.38678565869930975,0.27906260869565214,0.029411764705882353,0.0037226959985903656,0.0049920911260213086
6000.0,11077.769079755417,1753.0642535778668,1688.32,boven plafond,1752.8972033745,0.29214953389575,1946.3823025874997,0.32439705043124994,2024.9240032115144,0.33748733386858576,2340.206412521031,0.3900344020868385,0.2813866666666667,0.029411764705882353,0.0,0.003975412162145407
6250.0,11627.769079755417,1753.0642535778668,1766.05,boven plafond,1752.8972033745,0.28046355253992,1946.3823025874997,0.31142116841399997,2105.179343211514,0.33682869491384226,2456.3952875210307,0.3930232460033649,0.282568,0.029411764705882353,0.0018854650352289955,0.003337520142335006
6500.0,12177.769079755417,1753.0642535778668,1849.76,boven plafond,1752.8972033745,0.26967649282684614,1946.3823025874997,0.29944343116730765,2185.4346832115143,0.33622072049407914,2572.5841625210305,0.3957821788493893,0.28457846153846156,0.029411764705882353,0.0,0.0027958671506584046
6750.0,12727.769079755417,1753.0642535778668,1927.49,boven plafond,1752.8972033745,0.25968847457399996,1946.3823025874997,0.2883529337166666,2265.6900232115145,0.3356577812165207,2688.7730375210303,0.3983367462994119,0.28555407407407407,0.029411764705882353,0.0,0.002441756880473504
7000.0,13277.769079755417,1753.0642535778668,2011.2,boven plafond,1752.8972033745,0.2504138861963571,1946.3823025874997,0.2780546146553571,2345.9453632115146,0.33513505188735926,2804.9619125210306,0.40070884464586154,0.28731428571428574,0.029411764705882353,0.0011194323542732126,0.004480808650812908
7500.0,14377.769079755417,1753.0642535778668,2172.63,boven plafond,1752.8972033745,0.2337196271166,1946.3823025874997,0.25951764034499997,2506.4560432115145,0.3341941390948686,3037.3396625210307,0.40497862166947074,0.289684,0.029411764705882353,0.0017528215619086488,0.004950888848209208
8000.0,15477.769079755417,1753.0642535778668,2334.07,boven plafond,1752.8972033745,0.21911215042181248,1946.3823025874997,0.24329778782343747,2666.966723211515,0.33337084040143933,3269.717412521031,0.40871467656512883,0.29175875,0.029411764705882353,0.005047897238573345,0.003650620912663306
8500.0,16577.769079755417,1753.0642535778668,2495.51,boven plafond,1752.8972033745,0.20622320039699998,1946.3823025874997,0.2289861532455882,2827.4774032115142,0.3326444003778252,3502.095162521031,0.41201119559070953,0.29358941176470593,0.029411764705882353,0.003324197409397669,0.0027422280354000047
9000.0,17677.769079755417,1753.0642535778668,2656.95,boven plafond,1752.8972033745,0.19476635593049998,1946.3823025874997,0.21626470028749997,2987.9880832115145,0.3319986759123905,3734.472912521031,0.414941434724559,0.2952166666666666,0.029411764705882353,0.0015442100524655732,0.0020939578002865033
9500.0,18777.769079755417,1753.0642535778668,2824.36,boven plafond,1752.8972033745,0.18451549509205262,1946.3823025874997,0.20488234764078944,3148.498763211515,0.33142092244331733,3966.850662521031,0.4175632276337928,0.29730105263157897,0.029411764705882353,0.0,0.0016225020873191025
10000.0,19877.769079755417,1753.0642535778668,2985.8,boven plafond,1752.8972033745,0.17528972033745,1946.3823025874997,0.19463823025874996,3309.0094432115147,0.33090094432115147,4199.228412521031,0.4199228412521031,0.29858,0.029411764705882353,0.0,0.001808129650631003
11000.0,22077.769079755413,1753.0642535778668,3308.68,boven plafond,1752.8972033745,0.1593542912158636,1946.3823025874997,0.1769438456897727,3630.030803211514,0.33000280029195583,4663.98391252103,0.42399853750191185,0.3007890909090909,0.029411764705882353,0.0,0.0016365280111878028
12000.0,24259.43574642208,1753.0642535778668,3631.55,boven plafond,1752.8972033745,0.146074766947875,1946.3823025874997,0.16219852521562497,3948.3769852115142,0.3290314154342929,5124.866450021031,0.42707220416841923,0.30262916666666667,0.029411764705882353,0.0,0.0010845342643647016
13000.0,26459.43574642208,1753.0642535778668,3954.43,boven plafond,1752.8972033745,0.13483824641342307,1946.3823025874997,0.14972171558365382,4269.398345211514,0.32841525732396265,5589.621950021031,0.429970919232387,0.3041869230769231,0.029411764705882353,0.0019031437621345238,0.0007429588200098012
14000.0,28659.43574642208,1753.0642535778668,4277.3,boven plafond,1752.8972033745,0.12520694309817856,1946.3823025874997,0.13902730732767854,4590.419705211514,0.3278871218008224,6054.37745002103,0.4324555321443593,0.3055214285714286,0.029411764705882353,0.0,0.0005235195863376008
15000.0,30859.43574642208,1753.0642535778668,4600.18,boven plafond,1752.8972033745,0.1168598135583,1946.3823025874997,0.12975882017249998,4911.441065211515,0.32742940434743434,6519.13295002103,0.43460886333473536,0.3066786666666667,0.029411764705882353,0.0,0.0017237639101130029
