variant,groep,type,gini,kakwani,ratio,n_obs,posities_met_obs,posities_n_onder_10
-,rapport,ZE,0.31345006077657445,-0.1592350071284292,0.26059264584253083,,,
-,rapport,ZV100VAA,0.31345006077657445,-0.16427292714029412,0.2690432812938652,,,
-,rapport,ZV100,0.31345006077657445,-0.16425687290708404,0.26902151847274824,,,
-,rapport,ZV75,0.31345006077657445,-0.0941193860205877,0.21942257784517658,,,
-,rapport,ZV50,0.31345006077657445,-0.01166305429801967,0.15680835971374366,,,
-,rapport,ZV00,0.31345006077657445,-0.31345006077657445,0.07375623381264915,,,
-,rapport,WN,0.31345006077657445,0.07227278397355913,0.2459543393944898,,,
A,wn_alleen,WN,0.20320584625136284,0.21755409937255232,0.17572218358149297,708.0,28.0,14.0
A,wn_koppel,WN,0.16737957947140214,0.17075920352673551,0.19191897374887532,2012.0,28.0,10.0
A,wn_koppel2,WN,0.15754537031873972,0.14939925628503986,0.19993060912952576,978.0,26.0,11.0
A,wn_typ,WN,0.17759329133418525,0.18315932263038423,0.18759924077985857,2720.0,32.0,12.0
A,zs_alleen,ZE,0.2327053988508412,0.07512708596592713,0.27658071633129927,93.0,19.0,18.0
A,zs_alleen,ZV100VAA,0.2327053988508412,0.041344096927324187,0.3027958486282953,93.0,19.0,18.0
A,zs_alleen,ZV100,0.2327053988508412,0.04210382700323792,0.3023950287372815,93.0,19.0,18.0
A,zs_alleen,ZV75,0.2327053988508412,0.0395529828949622,0.22015958683399764,93.0,19.0,18.0
A,zs_alleen,ZV50,0.2327053988508412,-0.07845184840516292,0.17086006357692232,93.0,19.0,18.0
A,zs_alleen,ZV00,0.2327053988508412,-0.2327053988508412,0.15146699198890348,93.0,19.0,18.0
A,zs_koppel,ZE,0.2047269197994913,0.050335951577349436,0.2864394606272862,275.0,21.0,11.0
A,zs_koppel,ZV100VAA,0.2047269197994913,0.02402445782252599,0.3083071061639996,275.0,21.0,11.0
A,zs_koppel,ZV100,0.2047269197994913,0.023994443298287232,0.30834061857646977,275.0,21.0,11.0
A,zs_koppel,ZV75,0.2047269197994913,0.0327455013984759,0.21835142725649587,275.0,21.0,11.0
A,zs_koppel,ZV50,0.2047269197994913,-0.05099416180562197,0.1565021335974289,275.0,21.0,11.0
A,zs_koppel,ZV00,0.2047269197994913,-0.2047269197994913,0.1381283504303664,275.0,21.0,11.0
A,zs_koppel2,ZE,0.19302840994913736,0.041151341128909114,0.2909194530117798,140.0,17.0,11.0
A,zs_koppel2,ZV100VAA,0.19302840994913736,0.01727141253982828,0.3110614201004742,140.0,17.0,11.0
A,zs_koppel2,ZV100,0.19302840994913736,0.016882335391914777,0.3112378406493713,140.0,17.0,11.0
A,zs_koppel2,ZV75,0.19302840994913736,0.027139651582847313,0.21858257122500446,140.0,17.0,11.0
A,zs_koppel2,ZV50,0.19302840994913736,-0.043902109689785807,0.1524831065020053,140.0,17.0,11.0
A,zs_koppel2,ZV00,0.19302840994913736,-0.19302840994913736,0.13336525057803614,140.0,17.0,11.0
A,zs_typ,ZE,0.21358811465726238,0.057027158492450075,0.28391031833043995,368.0,25.0,14.0
A,zs_typ,ZV100VAA,0.21358811465726238,0.028653619376056427,0.30689325931658346,368.0,25.0,14.0
A,zs_typ,ZV100,0.21358811465726238,0.028850310084515385,0.30681534899948,368.0,25.0,14.0
A,zs_typ,ZV75,0.21358811465726238,0.03432139163619752,0.21881528885282198,368.0,25.0,14.0
A,zs_typ,ZV50,0.21358811465726238,-0.059608663239823,0.16018548787826514,368.0,25.0,14.0
A,zs_typ,ZV00,0.21358811465726238,-0.21358811465726238,0.14155021852384145,368.0,25.0,14.0
B,wn_alleen,WN,0.20320584625136281,0.21755409937255235,0.17572218358149305,708.0,28.0,14.0
B,wn_koppel,WN,0.26556163990260034,0.16301565082467423,0.19421080131488594,2012.0,34.0,6.0
B,wn_koppel2,WN,0.2508462379596136,0.14803520459204156,0.20249183578025085,978.0,33.0,11.0
B,wn_typ,WN,0.25868977337612387,0.1789959665963109,0.18927983099612974,2720.0,34.0,5.0
B,zs_alleen,ZE,0.2327053988508412,0.07512708596592713,0.27658071633129927,93.0,19.0,18.0
B,zs_alleen,ZV100VAA,0.2327053988508412,0.041344096927324187,0.3027958486282953,93.0,19.0,18.0
B,zs_alleen,ZV100,0.2327053988508412,0.04210382700323792,0.3023950287372815,93.0,19.0,18.0
B,zs_alleen,ZV75,0.2327053988508412,0.0395529828949622,0.22015958683399764,93.0,19.0,18.0
B,zs_alleen,ZV50,0.2327053988508412,-0.0784518484051629,0.1708600635769223,93.0,19.0,18.0
B,zs_alleen,ZV00,0.2327053988508412,-0.2327053988508412,0.15146699198890348,93.0,19.0,18.0
B,zs_koppel,ZE,0.31324407499547563,0.02001685479075449,0.27594894047800417,275.0,29.0,19.0
B,zs_koppel,ZV100VAA,0.31324407499547563,-0.010692389566464733,0.29986849117899883,275.0,29.0,19.0
B,zs_koppel,ZV100,0.31324407499547563,-0.010006587961985058,0.2994518012224089,275.0,29.0,19.0
B,zs_koppel,ZV75,0.31324407499547563,0.012622954946988674,0.22247613688253431,275.0,29.0,19.0
B,zs_koppel,ZV50,0.31324407499547563,-0.06431124207411337,0.1703636534596457,275.0,29.0,19.0
B,zs_koppel,ZV00,0.31324407499547563,-0.31324407499547563,0.14134165644554714,275.0,29.0,19.0
B,zs_koppel2,ZE,0.291538225465496,0.020198684317169147,0.2846273070300242,140.0,22.0,19.0
B,zs_koppel2,ZV100VAA,0.291538225465496,-0.0071475828268746655,0.30601573892301526,140.0,22.0,19.0
B,zs_koppel2,ZV100,0.291538225465496,-0.006483043697347424,0.30551386009047443,140.0,22.0,19.0
B,zs_koppel2,ZV75,0.291538225465496,0.01631578637216957,0.22477829043788777,140.0,22.0,19.0
B,zs_koppel2,ZV50,0.291538225465496,-0.053384970400683435,0.16457834630645435,140.0,22.0,19.0
B,zs_koppel2,ZV00,0.291538225465496,-0.291538225465496,0.13360857941319002,140.0,22.0,19.0
B,zs_typ,ZE,0.29763142234037165,0.03235840247287064,0.2761110149760054,368.0,29.0,17.0
B,zs_typ,ZV100VAA,0.29763142234037165,0.0006463414793835831,0.3006194695308784,368.0,29.0,17.0
B,zs_typ,ZV100,0.29763142234037165,0.0013495922322880327,0.3002068508487731,368.0,29.0,17.0
B,zs_typ,ZV75,0.29763142234037165,0.019109143755983604,0.22188185382430545,368.0,29.0,17.0
B,zs_typ,ZV50,0.29763142234037165,-0.06741873499067663,0.1704910015058566,368.0,29.0,17.0
B,zs_typ,ZV00,0.29763142234037165,-0.29763142234037165,0.1439391895211222,368.0,29.0,17.0
C,wn_alleen,WN,0.20320584625136281,0.21755409937255235,0.17572218358149305,708.0,28.0,14.0
C,wn_koppel,WN,0.2809598868781425,0.24719869019655466,0.15999867735907533,2012.0,34.0,7.0
C,wn_koppel2,WN,0.2715223302981696,0.2413538626784179,0.1636414948892598,978.0,34.0,17.0
C,wn_typ,WN,0.26339607217891386,0.24138317467353282,0.16419218406723157,2720.0,34.0,6.0
C,zs_alleen,ZE,0.2327053988508412,0.07512708596592713,0.2765807163312992,93.0,19.0,18.0
C,zs_alleen,ZV100VAA,0.2327053988508412,0.041344096927324187,0.3027958486282952,93.0,19.0,18.0
C,zs_alleen,ZV100,0.2327053988508412,0.04210382700323792,0.30239502873728147,93.0,19.0,18.0
C,zs_alleen,ZV75,0.2327053988508412,0.0395529828949622,0.22015958683399756,93.0,19.0,18.0
C,zs_alleen,ZV50,0.2327053988508412,-0.07845184840516292,0.1708600635769223,93.0,19.0,18.0
C,zs_alleen,ZV00,0.2327053988508412,-0.2327053988508412,0.15146699198890345,93.0,19.0,18.0
C,zs_koppel,ZE,0.3046461742761609,0.03824362559437505,0.2629762299978145,275.0,25.0,20.0
C,zs_koppel,ZV100VAA,0.3046461742761609,-0.00024407049149233195,0.2924242001808257,275.0,25.0,20.0
C,zs_koppel,ZV100,0.3046461742761609,0.0009020308787683895,0.29174945999349894,275.0,25.0,20.0
C,zs_koppel,ZV75,0.3046461742761609,0.009190471247595644,0.2190629510321675,275.0,25.0,20.0
C,zs_koppel,ZV50,0.3046461742761609,-0.09199438379373395,0.18025552131853728,275.0,25.0,20.0
C,zs_koppel,ZV00,0.3046461742761609,-0.3046461742761609,0.15990230353732413,275.0,25.0,20.0
C,zs_koppel2,ZE,0.2906824824556964,0.038817407904194856,0.2697739556436852,140.0,19.0,16.0
C,zs_koppel2,ZV100VAA,0.2906824824556964,0.0029513298781217445,0.2968722228904788,140.0,19.0,16.0
C,zs_koppel2,ZV100,0.2906824824556964,0.0038563141374728938,0.29643030203880355,140.0,19.0,16.0
C,zs_koppel2,ZV75,0.2906824824556964,0.011442018704062473,0.21943017043615168,140.0,19.0,16.0
C,zs_koppel2,ZV50,0.2906824824556964,-0.08706508073505118,0.17396113937439586,140.0,19.0,16.0
C,zs_koppel2,ZV00,0.2906824824556964,-0.2906824824556964,0.15305918091857842,140.0,19.0,16.0
C,zs_typ,ZE,0.28838396388252985,0.04715196583277881,0.26646629737149496,368.0,25.0,17.0
C,zs_typ,ZV100VAA,0.28838396388252985,0.009712013300295419,0.2950849218700162,368.0,25.0,17.0
C,zs_typ,ZV100,0.28838396388252985,0.010773328028109264,0.2944804526407922,368.0,25.0,17.0
C,zs_typ,ZV75,0.28838396388252985,0.016319018659439355,0.21934427975998258,368.0,25.0,17.0
C,zs_typ,ZV50,0.28838396388252985,-0.08911618320582704,0.17784522961615262,368.0,25.0,17.0
C,zs_typ,ZV00,0.28838396388252985,-0.28838396388252985,0.15773832579495886,368.0,25.0,17.0
