jaar,vennootschappen,zelfstandigen,helpers,hoofdberoep,bijberoep,actief_na_pensioen,landbouw,visserij,nijverheid,handel,vrije_beroepen,diensten,diversen,totaal_hoedanigheid,totaal_aard,aandeel_hoofdberoep,index_hoofdberoep,aandeel_bijberoep,index_bijberoep,aandeel_actief_na_pensioen,index_actief_na_pensioen,totaal_sector,landbouw_visserij,aandeel_landbouw_visserij,aandeel_nijverheid,aandeel_handel,aandeel_vrije_beroepen,aandeel_diensten,aandeel_diversen,index_vennootschappen,index_zelfstandigen_rsvz
2000,306441,748899,46024,586394,145594,62905,82391,996,161084,324136,154642,69073,2601,794923,794893,0.737701803891,91.617334352,0.183161758878,92.0933115741,0.0791364372312,107.504187032,794923,83387,0.10489946825,0.202641010513,0.40775773251,0.19453708095,0.0868926927514,0.00327201502535,90.0227376882,92.7938318226
2001,317284,748164,45317,581517,150399,61558,80888,994,158794,323204,158004,68962,2635,793481,793474,0.732874675163,90.8553590596,0.189544963036,95.132642605,0.0775803618014,105.202173839,793481,81882,0.103193397195,0.200123254369,0.407324182936,0.199127641368,0.0869107136781,0.00332081045419,93.2080704105,92.6255026819
2002,338652,751168,44089,580317,154023,60917,79528,982,159732,322411,161116,69159,2329,795257,795257,0.729722592822,90.6678728281,0.193677012588,97.4249497135,0.0766003945894,104.106709505,795257,80510,0.101237713091,0.200855823966,0.405417368222,0.202596141876,0.0869643398298,0.00292861301441,99.4853174463,92.8328206804
2003,340404,753826,102829,640047,158094,58514,89679,1658,171573,344758,172661,73860,2466,856655,856655,0.747146751026,100,0.184548038592,100,0.0683052103822,100,856655,91337,0.106620518178,0.20028249412,0.402446725928,0.201552550327,0.0862190730224,0.00287863842504,100,100
2004,348930,761344,98373,636594,163772,59351,88269,1524,171809,343123,177892,74365,2735,859717,859717,0.740469247438,99.4605083689,0.190495244365,103.591534151,0.0690355081963,101.430426906,859717,89793,0.104444834754,0.199843669487,0.399111568109,0.206919253661,0.0864993945682,0.00318127942102,102.50467092,100.357436774
2005,354953,774536,92732,636620,170357,60291,87237,1355,173807,341602,184422,75748,3097,867268,867268,0.734052219153,99.4645705706,0.196429477393,107.756777613,0.0695183034541,103.036880063,867268,88592,0.102150661618,0.200407486498,0.393882859739,0.212647071032,0.0873409372881,0.00357098382507,104.274039083,101.238888467
2006,373382,791288,89334,640732,178926,60964,86575,1230,180310,339292,192329,77387,3499,880622,880622,0.727590271422,100.10702339,0.203181387701,113.176970663,0.0692283408772,104.187032163,880622,87805,0.0997079337105,0.204753004127,0.38528676322,0.2184013118,0.0878776592,0.0039733279432,109.68790026,102.797742382
2007,387861,817491,87463,652000,190268,62686,85697,1141,188398,343045,202675,79986,4012,904954,904954,0.720478609962,101.867519104,0.210251570798,120.351183473,0.0692698192394,107.129917627,904954,86838,0.0959584686072,0.208185167423,0.379074516495,0.22396165993,0.0883868130314,0.00443337451406,113.941375542,105.638092348
2008,413469,839288,84658,659907,199650,64389,85451,737,192416,345014,212906,82808,4614,923946,923946,0.714226805463,103.102897131,0.21608405686,126.285627538,0.0696891376769,110.040332228,923946,86188,0.0932825078522,0.208254594966,0.373413597764,0.230431215677,0.089624285402,0.00499379833886,121.464201361,107.855087521
2009,429286,857909,76733,662039,205862,66741,80931,701,190051,340175,228142,83964,10678,934642,934642,0.708334314101,103.435997669,0.220257595957,130.214935418,0.0714080899425,114.059883105,934642,81632,0.0873403934341,0.203340958356,0.363962886324,0.244095600241,0.0898354664139,0.0114246952309,126.110739004,109.103664836
2010,445941,877864,74721,669726,212665,70194,79902,665,204173,340650,241195,77393,8607,952585,952585,0.703061669037,104.63700322,0.223250418598,134.518071527,0.0736879123648,119.961034966,952585,80567,0.0845772293286,0.21433572857,0.35760588294,0.253200501792,0.0812452432066,0.00903541416252,131.003454719,111.198206979
2011,464463,896917,72979,676150,219369,74377,79403,647,209403,338175,251464,78201,12603,969896,969896,0.697136600213,105.640679513,0.226177858245,138.758586664,0.0766855415426,127.109751512,969896,80050,0.0825346222688,0.215902529756,0.348671403944,0.259269035031,0.0806282323053,0.0129941766952,136.444636373,113.218973799
2012,477479,917653,70914,683519,226153,78895,78730,620,215155,337360,263749,79118,13835,988567,988567,0.691424051177,106.792001212,0.228768510379,143.049704606,0.0798074384437,134.83098062,988567,79350,0.0802677006212,0.217643316032,0.34126164438,0.266799316587,0.080033017489,0.0139950048909,140.268328222,115.398497645
2013,484231,931846,69255,685495,230970,84636,79078,593,217748,335507,274420,79890,13865,1001101,1001101,0.684741100049,107.10072854,0.230715981704,146.096626058,0.084542918247,144.642307824,1001101,79671,0.0795833787001,0.217508523116,0.335138013048,0.274118195866,0.0798021378462,0.0138497514237,142.25185368,116.861630411
2014,486320,947782,68120,692035,234001,89866,80631,564,221515,333499,286016,79932,13745,1015902,1015902,0.681202517566,108.122528502,0.230338162539,148.013839867,0.088459319895,153.580339748,1015902,81195,0.079924047792,0.218047606954,0.328278711923,0.281538967341,0.0786808176379,0.0135298483515,142.865536245,118.589397132
2015,500742,968122,67347,704373,237513,93583,84215,583,221564,331231,295179,85113,17584,1035469,1035469,0.680245376733,110.050199438,0.229377219405,150.235303048,0.0903774038624,159.932665687,1035469,84798,0.0818933256331,0.213974537142,0.319884998971,0.285067925742,0.0821975356095,0.016981676902,147.102266718,120.873513842
2016,516774,992505,66017,714412,245035,99075,88664,553,234234,329048,314374,80337,11312,1058522,1058522,0.674914645137,111.618678003,0.231487867045,154.993231875,0.0935974878179,169.318453703,1058522,89217,0.0842845023533,0.221284016771,0.310856080459,0.296993354885,0.07589544667,0.0106865988614,151.811964607,123.564562163
2017,533903,1022895,64868,722941,259173,105649,91749,569,243308,330042,329264,81256,11575,1087763,1087763,0.664612604032,112.951236394,0.238262378845,163.936012752,0.0971250171223,180.553371843,1087763,92318,0.0848695901589,0.223677400316,0.303413519305,0.302698289977,0.0747000955171,0.0106411047259,156.843926628,126.977954953
2018,551179,1049159,63487,734170,268997,109479,96658,564,251810,327090,341936,81539,13049,1112646,1112646,0.659841494959,114.705638805,0.241763328139,170.15003732,0.0983951769026,187.098813959,1112646,97222,0.0873790945188,0.226316366571,0.293974903069,0.307317871093,0.073283865668,0.0117278990802,161.919072631,129.882624861
2019,565782,1083177,61838,747589,281210,116216,98404,553,264190,329866,359458,83818,8726,1145015,1145015,0.652907603831,116.802203588,0.245595035873,177.875188179,0.101497360297,198.612297912,1145015,98957,0.0864241953162,0.230730601783,0.28808880233,0.313933005244,0.0732025344646,0.00762086086208,166.208975218,133.66115881
2020,597771,1122616,60131,766359,293567,122821,101529,544,276278,333457,374418,85051,11470,1182747,1182747,0.647948377802,119.734800726,0.248207773936,185.691424089,0.103843848262,209.900194825,1182747,102073,0.0863016350919,0.233590108451,0.28193434437,0.316566433903,0.0719097152645,0.00969776291971,175.606338351,138.065732413
2021,627057,1171728,58691,786772,313530,130117,100448,527,292125,339468,393878,86797,17176,1230419,1230419,0.639434208997,122.924097762,0.254815635974,198.318721773,0.105750155028,222.369005708,1230419,100975,0.0820655402753,0.237419123079,0.275896259729,0.320116968285,0.0705426362889,0.0139594723423,184.20964501,143.630633102
2022,655108,1200729,56627,795282,323494,138580,99831,528,301921,338621,411887,87563,17005,1257356,1257356,0.632503443734,124.25368762,0.257281151877,204.621301251,0.110215404388,236.832211095,1257356,100359,0.0798174900346,0.240123719933,0.269311953019,0.327581846351,0.06964057912,0.013524411543,192.450147472,146.775072812
2023,682936,1225818,53352,798724,332676,147770,99254,512,306883,336638,428125,87616,20142,1279170,1279170,0.624408014572,124.791460627,0.260071765285,210.429238301,0.115520220143,252.537854189,1279170,99766,0.0779927609309,0.239907909035,0.263169086204,0.33468968159,0.0684944143468,0.0157461478928,200.62513954,149.321488814
2024,707073,1249760,50065,801544,341591,156690,98415,496,309804,336439,443490,88338,22843,1299825,1299825,0.616655318985,125.232053271,0.262797684304,216.068288487,0.120546996711,267.782069248,1299825,98911,0.0760956282577,0.238342853846,0.258834073818,0.34119208355,0.0679614563499,0.0175739041794,207.715831776,151.732611145
