bestand,variabele,label,eenheid,jaren,overgenomen_uit,oorspronkelijke_bron,bronbestand,locatie_in_bron,geraadpleegd,automatisch_geverifieerd,opmerking
data/raw/prijsindex.csv,cpi_2013,"Consumptieprijsindex, jaargemiddelde",index (2013 = 100),2003-2024,"werkboeken/macro_analyses_willem_2026-09-16.xlsx :: 'Julie BS - Cijfers'!rij 2, kolommen B:W","Statbel, Consumptieprijsindex vanaf 1920 en gezondheidsindex vanaf 1994",data/sources/statbel/statbel_cpi_historiek_1920-2025.xls,"blad 'general index', rij 'Jaar/Année' per jaar, kolom basis 2013",bestand 'conv-2025',ja,Afgerond op 2 decimalen in het werkboek (Statbel publiceert meer decimalen).
data/raw/prijsindex.csv,gezondheidsindex_2013,"Gezondheidsindex, jaargemiddelde",index (2013 = 100),2003-2024,"werkboeken/macro_analyses_willem_2026-09-16.xlsx :: 'Julie BS - gezondheidsindex'!rij 2, kolommen B:W","Statbel, Consumptieprijsindex vanaf 1920 en gezondheidsindex vanaf 1994",data/sources/statbel/statbel_cpi_historiek_1920-2025.xls,"blad 'health index', rij 'Année/Jaar' per jaar, kolom basis 2013",,ja,Enkel gebruikt voor de robuustheidscheck in voetnoot 12.
data/raw/ksz_populatie.csv,n11,n11 Werkend in loondienst,personen (4e kwartaal),2003-2023,"werkboeken/macro_analyses_willem_2026-09-16.xlsx :: 'Oplijsting (sub)categorieën KSZ'!rij 2, kolommen C:W","KSZ, Datawarehouse Arbeidsmarkt en Sociale Bescherming, nomenclatuur socio-economische positie, webtoepassing 'globale cijfers' (https://sami.ksz-bcss.fgov.be/samigc/homePage.xhtml)","GEEN BRONBESTAND: manueel overgenomen uit de webtoepassing, 4e kwartaal van elk jaar",positie n11,22 december 2025 (Figuur 1) / 21 januari 2026 (voetnoot 14),nee (geen bronbestand),Er is geen export van de webtoepassing bewaard. Aanbevolen: de reeks opnieuw exporteren en als bestand in data/sources/ksz/ opslaan.
data/raw/ksz_populatie.csv,n12,n12 Werkend als zelfstandige,personen (4e kwartaal),2003-2023,"werkboeken/macro_analyses_willem_2026-09-16.xlsx :: 'Oplijsting (sub)categorieën KSZ'!rij 3, kolommen C:W","KSZ, Datawarehouse Arbeidsmarkt en Sociale Bescherming, nomenclatuur socio-economische positie, webtoepassing 'globale cijfers' (https://sami.ksz-bcss.fgov.be/samigc/homePage.xhtml)","GEEN BRONBESTAND: manueel overgenomen uit de webtoepassing, 4e kwartaal van elk jaar",positie n12,,nee (geen bronbestand),Er is geen export van de webtoepassing bewaard. Aanbevolen: de reeks opnieuw exporteren en als bestand in data/sources/ksz/ opslaan.
data/raw/ksz_populatie.csv,n13,n13 Werkend als helper,personen (4e kwartaal),2003-2023,"werkboeken/macro_analyses_willem_2026-09-16.xlsx :: 'Oplijsting (sub)categorieën KSZ'!rij 4, kolommen C:W","KSZ, Datawarehouse Arbeidsmarkt en Sociale Bescherming, nomenclatuur socio-economische positie, webtoepassing 'globale cijfers' (https://sami.ksz-bcss.fgov.be/samigc/homePage.xhtml)","GEEN BRONBESTAND: manueel overgenomen uit de webtoepassing, 4e kwartaal van elk jaar",positie n13,,nee (geen bronbestand),Er is geen export van de webtoepassing bewaard. Aanbevolen: de reeks opnieuw exporteren en als bestand in data/sources/ksz/ opslaan.
data/raw/ksz_populatie.csv,n141,"n141 Loondienst en zelfstandige/helper, voornaamste job in loondienst",personen (4e kwartaal),2003-2023,"werkboeken/macro_analyses_willem_2026-09-16.xlsx :: 'Oplijsting (sub)categorieën KSZ'!rij 5, kolommen C:W","KSZ, Datawarehouse Arbeidsmarkt en Sociale Bescherming, nomenclatuur socio-economische positie, webtoepassing 'globale cijfers' (https://sami.ksz-bcss.fgov.be/samigc/homePage.xhtml)","GEEN BRONBESTAND: manueel overgenomen uit de webtoepassing, 4e kwartaal van elk jaar",positie n141,,nee (geen bronbestand),Er is geen export van de webtoepassing bewaard. Aanbevolen: de reeks opnieuw exporteren en als bestand in data/sources/ksz/ opslaan.
data/raw/ksz_populatie.csv,n142,"n142 Loondienst en zelfstandige/helper, voornaamste job als zelfstandige",personen (4e kwartaal),2003-2023,"werkboeken/macro_analyses_willem_2026-09-16.xlsx :: 'Oplijsting (sub)categorieën KSZ'!rij 6, kolommen C:W","KSZ, Datawarehouse Arbeidsmarkt en Sociale Bescherming, nomenclatuur socio-economische positie, webtoepassing 'globale cijfers' (https://sami.ksz-bcss.fgov.be/samigc/homePage.xhtml)","GEEN BRONBESTAND: manueel overgenomen uit de webtoepassing, 4e kwartaal van elk jaar",positie n142,,nee (geen bronbestand),Er is geen export van de webtoepassing bewaard. Aanbevolen: de reeks opnieuw exporteren en als bestand in data/sources/ksz/ opslaan.
data/raw/ksz_populatie.csv,n143,"n143 Loondienst en zelfstandige/helper, voornaamste job als helper",personen (4e kwartaal),2003-2023,"werkboeken/macro_analyses_willem_2026-09-16.xlsx :: 'Oplijsting (sub)categorieën KSZ'!rij 7, kolommen C:W","KSZ, Datawarehouse Arbeidsmarkt en Sociale Bescherming, nomenclatuur socio-economische positie, webtoepassing 'globale cijfers' (https://sami.ksz-bcss.fgov.be/samigc/homePage.xhtml)","GEEN BRONBESTAND: manueel overgenomen uit de webtoepassing, 4e kwartaal van elk jaar",positie n143,,nee (geen bronbestand),Er is geen export van de webtoepassing bewaard. Aanbevolen: de reeks opnieuw exporteren en als bestand in data/sources/ksz/ opslaan.
data/raw/fodsz_bedragen.csv,z_bijdragen,Zelfstandigen: bijdragen (code 101),"duizend euro, nominaal",2003-2025,"werkboeken/macro_analyses_willem_2026-09-16.xlsx :: 'Julie BS - Cijfers'!rij 8, kolommen B:X","FOD Sociale Zekerheid, ontvangsten en uitgaven globaal beheer (persoonlijke communicatie, 18 april 2025)",data/sources/fodsz/fodsz_zelfstandigen_2000-2025.xlsm,"blad 'Zelfstandigen - Indépendants', rij 23 (code 101), kolommen D:AC = 2000-2025",,ja,"Bedragen in duizend euro, lopende rekeningen. 2000-2007 inclusief geneeskundige verzorging (zie fodsz_opmerkingen_bij_tabellen.docx). 2024-2025 zijn MONITOR_03.2025-ramingen, geen realisaties."
data/raw/fodsz_bedragen.csv,z_gewone_bijdragen,Zelfstandigen: gewone bijdragen (code 101.1),"duizend euro, nominaal",2003-2025,"werkboeken/macro_analyses_willem_2026-09-16.xlsx :: 'Julie BS - Cijfers'!rij 63, kolommen B:X","FOD Sociale Zekerheid, ontvangsten en uitgaven globaal beheer (persoonlijke communicatie, 18 april 2025)",data/sources/fodsz/fodsz_zelfstandigen_2000-2025.xlsm,"blad 'Zelfstandigen - Indépendants', rij 24 (code 101.1)",,ja,"Bedragen in duizend euro, lopende rekeningen. 2000-2007 inclusief geneeskundige verzorging (zie fodsz_opmerkingen_bij_tabellen.docx). 2024-2025 zijn MONITOR_03.2025-ramingen, geen realisaties."
data/raw/fodsz_bedragen.csv,z_vennootschapsbijdragen,Zelfstandigen: vennootschapsbijdragen (code 101.5),"duizend euro, nominaal",2003-2025,"werkboeken/macro_analyses_willem_2026-09-16.xlsx :: 'Julie BS - Cijfers'!rij 79, kolommen B:X","FOD Sociale Zekerheid, ontvangsten en uitgaven globaal beheer (persoonlijke communicatie, 18 april 2025)",data/sources/fodsz/fodsz_zelfstandigen_2000-2025.xlsm,"blad 'Zelfstandigen - Indépendants', rij 25 (code 101.5)",,ja,"Bedragen in duizend euro, lopende rekeningen. 2000-2007 inclusief geneeskundige verzorging (zie fodsz_opmerkingen_bij_tabellen.docx). 2024-2025 zijn MONITOR_03.2025-ramingen, geen realisaties."
data/raw/fodsz_bedragen.csv,z_uitgaven,Zelfstandigen: totaal lopende uitgaven (code 110.1),"duizend euro, nominaal",2003-2025,"werkboeken/macro_analyses_willem_2026-09-16.xlsx :: 'Julie BS - Cijfers'!rij 9, kolommen B:X","FOD Sociale Zekerheid, ontvangsten en uitgaven globaal beheer (persoonlijke communicatie, 18 april 2025)",data/sources/fodsz/fodsz_zelfstandigen_2000-2025.xlsm,"blad 'Zelfstandigen - Indépendants', rij 84 (code 110.1)",,ja,"Bedragen in duizend euro, lopende rekeningen. 2000-2007 inclusief geneeskundige verzorging (zie fodsz_opmerkingen_bij_tabellen.docx). 2024-2025 zijn MONITOR_03.2025-ramingen, geen realisaties."
data/raw/fodsz_bedragen.csv,w_bijdragen,Werknemers: bijdragen (code 101),"duizend euro, nominaal",2003-2025,"werkboeken/macro_analyses_willem_2026-09-16.xlsx :: 'Julie BS - Cijfers'!rij 35, kolommen B:X","FOD Sociale Zekerheid, ontvangsten en uitgaven globaal beheer (persoonlijke communicatie, 18 april 2025)",data/sources/fodsz/fodsz_werknemers_2000-2025.xlsm,"blad 'Werknemers - Salariés', rij 17 (code 101), kolommen D:AC = 2000-2025",,ja,"Bedragen in duizend euro, lopende rekeningen. 2000-2007 inclusief geneeskundige verzorging (zie fodsz_opmerkingen_bij_tabellen.docx). 2024-2025 zijn MONITOR_03.2025-ramingen, geen realisaties. Bevat werkgevers- en werknemersbijdragen samen."
data/raw/fodsz_bedragen.csv,w_uitgaven,Werknemers: totaal lopende uitgaven (code 110.1),"duizend euro, nominaal",2003-2025,"werkboeken/macro_analyses_willem_2026-09-16.xlsx :: 'Julie BS - Cijfers'!rij 36, kolommen B:X","FOD Sociale Zekerheid, ontvangsten en uitgaven globaal beheer (persoonlijke communicatie, 18 april 2025)",data/sources/fodsz/fodsz_werknemers_2000-2025.xlsm,"blad 'Werknemers - Salariés', rij 90 (code 110.1)",,ja,"Bedragen in duizend euro, lopende rekeningen. 2000-2007 inclusief geneeskundige verzorging (zie fodsz_opmerkingen_bij_tabellen.docx). 2024-2025 zijn MONITOR_03.2025-ramingen, geen realisaties."
data/raw/fodsz_aandelen.csv,z_aandeel_bijdragen,Zelfstandigen: aandeel bijdragen in totale lopende ontvangsten,fractie (0-1),2000-2024,"werkboeken/macro_analyses_willem_2026-09-16.xlsx :: 'Julie NS - cijfers'!rij 3, kolommen B:Z","FOD Sociale Zekerheid, ontvangsten en uitgaven globaal beheer (persoonlijke communicatie, 18 april 2025)",data/sources/fodsz/fodsz_zelfstandigen_2000-2025.xlsm,"blad 'Zelfstandigen - Indépendants', rij 23 / rij 57 (in het bronbestand ook uitgerekend in rij 58)",,ja,"Bedragen in duizend euro, lopende rekeningen. 2000-2007 inclusief geneeskundige verzorging (zie fodsz_opmerkingen_bij_tabellen.docx). 2024-2025 zijn MONITOR_03.2025-ramingen, geen realisaties."
data/raw/fodsz_aandelen.csv,z_aandeel_toelagen,Zelfstandigen: aandeel toelagen van publieke overheden (code 102),fractie (0-1),2000-2024,"werkboeken/macro_analyses_willem_2026-09-16.xlsx :: 'Julie NS - cijfers'!rij 4, kolommen B:Z","FOD Sociale Zekerheid, ontvangsten en uitgaven globaal beheer (persoonlijke communicatie, 18 april 2025)",data/sources/fodsz/fodsz_zelfstandigen_2000-2025.xlsm,rij 30 / rij 57 (bronbestand rij 59),,ja,"Bedragen in duizend euro, lopende rekeningen. 2000-2007 inclusief geneeskundige verzorging (zie fodsz_opmerkingen_bij_tabellen.docx). 2024-2025 zijn MONITOR_03.2025-ramingen, geen realisaties."
data/raw/fodsz_aandelen.csv,z_aandeel_alternatieve,Zelfstandigen: aandeel alternatieve financiering (code 103),fractie (0-1),2000-2024,"werkboeken/macro_analyses_willem_2026-09-16.xlsx :: 'Julie NS - cijfers'!rij 5, kolommen B:Z","FOD Sociale Zekerheid, ontvangsten en uitgaven globaal beheer (persoonlijke communicatie, 18 april 2025)",data/sources/fodsz/fodsz_zelfstandigen_2000-2025.xlsm,rij 35 / rij 57 (bronbestand rij 60),,ja,"Bedragen in duizend euro, lopende rekeningen. 2000-2007 inclusief geneeskundige verzorging (zie fodsz_opmerkingen_bij_tabellen.docx). 2024-2025 zijn MONITOR_03.2025-ramingen, geen realisaties."
data/raw/fodsz_aandelen.csv,z_aandeel_overige,Zelfstandigen: aandeel overige financiering (codes 104-107),fractie (0-1),2000-2024,"werkboeken/macro_analyses_willem_2026-09-16.xlsx :: 'Julie NS - cijfers'!rij 6, kolommen B:Z","FOD Sociale Zekerheid, ontvangsten en uitgaven globaal beheer (persoonlijke communicatie, 18 april 2025)",data/sources/fodsz/fodsz_zelfstandigen_2000-2025.xlsm,rijen 51-54 / rij 57 (bronbestand rij 64),,ja,"Bedragen in duizend euro, lopende rekeningen. 2000-2007 inclusief geneeskundige verzorging (zie fodsz_opmerkingen_bij_tabellen.docx). 2024-2025 zijn MONITOR_03.2025-ramingen, geen realisaties."
data/raw/fodsz_aandelen.csv,w_aandeel_bijdragen,Werknemers: aandeel bijdragen in totale lopende ontvangsten,fractie (0-1),2000-2024,"werkboeken/macro_analyses_willem_2026-09-16.xlsx :: 'Julie NS - cijfers'!rij 17, kolommen B:Z","FOD Sociale Zekerheid, ontvangsten en uitgaven globaal beheer (persoonlijke communicatie, 18 april 2025)",data/sources/fodsz/fodsz_werknemers_2000-2025.xlsm,"blad 'Werknemers - Salariés', rij 17 / rij 58 (bronbestand rij 60)",,ja,"Bedragen in duizend euro, lopende rekeningen. 2000-2007 inclusief geneeskundige verzorging (zie fodsz_opmerkingen_bij_tabellen.docx). 2024-2025 zijn MONITOR_03.2025-ramingen, geen realisaties."
data/raw/fodsz_aandelen.csv,w_aandeel_toelagen,Werknemers: aandeel toelagen van publieke overheden (code 102),fractie (0-1),2000-2024,"werkboeken/macro_analyses_willem_2026-09-16.xlsx :: 'Julie NS - cijfers'!rij 18, kolommen B:Z","FOD Sociale Zekerheid, ontvangsten en uitgaven globaal beheer (persoonlijke communicatie, 18 april 2025)",data/sources/fodsz/fodsz_werknemers_2000-2025.xlsm,rij 23 / rij 58 (bronbestand rij 61),,ja,"Bedragen in duizend euro, lopende rekeningen. 2000-2007 inclusief geneeskundige verzorging (zie fodsz_opmerkingen_bij_tabellen.docx). 2024-2025 zijn MONITOR_03.2025-ramingen, geen realisaties."
data/raw/fodsz_aandelen.csv,w_aandeel_alternatieve,Werknemers: aandeel alternatieve financiering (code 103),fractie (0-1),2000-2024,"werkboeken/macro_analyses_willem_2026-09-16.xlsx :: 'Julie NS - cijfers'!rij 19, kolommen B:Z","FOD Sociale Zekerheid, ontvangsten en uitgaven globaal beheer (persoonlijke communicatie, 18 april 2025)",data/sources/fodsz/fodsz_werknemers_2000-2025.xlsm,rij 31 / rij 58 (bronbestand rij 62),,ja,"Bedragen in duizend euro, lopende rekeningen. 2000-2007 inclusief geneeskundige verzorging (zie fodsz_opmerkingen_bij_tabellen.docx). 2024-2025 zijn MONITOR_03.2025-ramingen, geen realisaties."
data/raw/fodsz_aandelen.csv,w_aandeel_overige,Werknemers: aandeel overige financiering (codes 104-107),fractie (0-1),2000-2024,"werkboeken/macro_analyses_willem_2026-09-16.xlsx :: 'Julie NS - cijfers'!rij 20, kolommen B:Z","FOD Sociale Zekerheid, ontvangsten en uitgaven globaal beheer (persoonlijke communicatie, 18 april 2025)",data/sources/fodsz/fodsz_werknemers_2000-2025.xlsm,"rijen 46, 53, 54, 55 / rij 58 (bronbestand rij 66)",,ja,"Bedragen in duizend euro, lopende rekeningen. 2000-2007 inclusief geneeskundige verzorging (zie fodsz_opmerkingen_bij_tabellen.docx). 2024-2025 zijn MONITOR_03.2025-ramingen, geen realisaties."
data/raw/nbb_bijdragen.csv,werknemersbijdragen_d613,Werkelijke sociale premies t.l.v. de werknemers (D.613),"duizend euro, nominaal",2003-2023,"werkboeken/macro_analyses_willem_2026-09-16.xlsx :: 'Julie BS - Cijfers'!rij 92, kolommen B:V","Nationale Bank van België, NBB.Stat, Ontvangen belastingen en werkelijke sociale premies, Totale overheid",data/sources/nbb/nbb_sociale_premies_2003-2023.xlsx,"blad 'Table', rij 47 (duizend euro), kolommen D:X = 2003-2023",NBB.Stat laatst bijgewerkt 5 november 2025,ja,"Nationale rekeningen, totale overheid: breder aggregaat dan het FOD SZ-globaal beheer (o.a. ook statutaire ambtenaren). Zie leesnota G3."
data/raw/nbb_bijdragen.csv,werkgeversbijdragen_d611,Werkelijke sociale premies t.l.v. de werkgevers (D.611),"duizend euro, nominaal",2003-2023,"werkboeken/macro_analyses_willem_2026-09-16.xlsx :: 'Julie BS - Cijfers'!rij 93, kolommen B:V","Nationale Bank van België, NBB.Stat, Ontvangen belastingen en werkelijke sociale premies, Totale overheid",data/sources/nbb/nbb_sociale_premies_2003-2023.xlsx,"blad 'Table', rij 38 (duizend euro)",NBB.Stat laatst bijgewerkt 5 november 2025,ja,Zie opmerking bij D.613.
data/raw/rsvz_samenstelling.csv,vennootschappen,Aantal actieve vennootschappen,aantal,2000-2024,"rsvz/rsvz_samenstelling_zelfstandigen_2000-2024.xlsx :: 'Cijfers'!rij 3, kolommen B:Z",RSVZ statistiekendatabase (https://websta.rsvz-inasti.fgov.be/nl),Geen export bewaard; waarden in het RSVZ-werkboek (blad 'Cijfers'),ondernemingsvorm: vennootschappen,24 oktober 2025,ja,"Ook in het werkboek van Willem ('Julie BS - Cijfers' rij 78, 2003-2023); daar gecontroleerd."
data/raw/rsvz_samenstelling.csv,zelfstandigen,Aantal zelfstandigen (hoedanigheid),aantal,2000-2024,"rsvz/rsvz_samenstelling_zelfstandigen_2000-2024.xlsx :: 'Cijfers'!rij 8, kolommen B:Z",RSVZ statistiekendatabase (https://websta.rsvz-inasti.fgov.be/nl),Geen export bewaard; waarden in het RSVZ-werkboek,hoedanigheid,24 oktober 2025,nee (geen bronbestand),
data/raw/rsvz_samenstelling.csv,helpers,Aantal helpers (hoedanigheid),aantal,2000-2024,"rsvz/rsvz_samenstelling_zelfstandigen_2000-2024.xlsx :: 'Cijfers'!rij 9, kolommen B:Z",RSVZ statistiekendatabase (https://websta.rsvz-inasti.fgov.be/nl),Geen export bewaard; waarden in het RSVZ-werkboek,hoedanigheid,24 oktober 2025,nee (geen bronbestand),Breuk 2002-2003: verplichtstelling ministatuut meewerkende echtgenoten (leesnota G5).
data/raw/rsvz_samenstelling.csv,hoofdberoep,Aard van de bezigheid: hoofdberoep,aantal,2000-2024,"rsvz/rsvz_samenstelling_zelfstandigen_2000-2024.xlsx :: 'Cijfers'!rij 17, kolommen B:Z",RSVZ statistiekendatabase (https://websta.rsvz-inasti.fgov.be/nl),Geen export bewaard; waarden in het RSVZ-werkboek,aard bezigheid,24 oktober 2025,nee (geen bronbestand),
data/raw/rsvz_samenstelling.csv,bijberoep,Aard van de bezigheid: bijberoep,aantal,2000-2024,"rsvz/rsvz_samenstelling_zelfstandigen_2000-2024.xlsx :: 'Cijfers'!rij 18, kolommen B:Z",RSVZ statistiekendatabase (https://websta.rsvz-inasti.fgov.be/nl),Geen export bewaard; waarden in het RSVZ-werkboek,aard bezigheid,24 oktober 2025,nee (geen bronbestand),
data/raw/rsvz_samenstelling.csv,actief_na_pensioen,Aard van de bezigheid: actief na pensioen,aantal,2000-2024,"rsvz/rsvz_samenstelling_zelfstandigen_2000-2024.xlsx :: 'Cijfers'!rij 19, kolommen B:Z",RSVZ statistiekendatabase (https://websta.rsvz-inasti.fgov.be/nl),Geen export bewaard; waarden in het RSVZ-werkboek,aard bezigheid,24 oktober 2025,nee (geen bronbestand),
data/raw/rsvz_samenstelling.csv,landbouw,Bedrijfstak: landbouw,aantal,2000-2024,"rsvz/rsvz_samenstelling_zelfstandigen_2000-2024.xlsx :: 'Cijfers'!rij 29, kolommen B:Z",RSVZ statistiekendatabase (https://websta.rsvz-inasti.fgov.be/nl),Geen export bewaard; waarden in het RSVZ-werkboek,"bedrijfstak (beroepscodes, zie voetnoot 2)",24 oktober 2025,nee (geen bronbestand),
data/raw/rsvz_samenstelling.csv,visserij,Bedrijfstak: visserij,aantal,2000-2024,"rsvz/rsvz_samenstelling_zelfstandigen_2000-2024.xlsx :: 'Cijfers'!rij 30, kolommen B:Z",RSVZ statistiekendatabase (https://websta.rsvz-inasti.fgov.be/nl),Geen export bewaard; waarden in het RSVZ-werkboek,"bedrijfstak (beroepscodes, zie voetnoot 2)",24 oktober 2025,nee (geen bronbestand),
data/raw/rsvz_samenstelling.csv,nijverheid,Bedrijfstak: nijverheid,aantal,2000-2024,"rsvz/rsvz_samenstelling_zelfstandigen_2000-2024.xlsx :: 'Cijfers'!rij 31, kolommen B:Z",RSVZ statistiekendatabase (https://websta.rsvz-inasti.fgov.be/nl),Geen export bewaard; waarden in het RSVZ-werkboek,"bedrijfstak (beroepscodes, zie voetnoot 2)",24 oktober 2025,nee (geen bronbestand),
data/raw/rsvz_samenstelling.csv,handel,Bedrijfstak: handel,aantal,2000-2024,"rsvz/rsvz_samenstelling_zelfstandigen_2000-2024.xlsx :: 'Cijfers'!rij 32, kolommen B:Z",RSVZ statistiekendatabase (https://websta.rsvz-inasti.fgov.be/nl),Geen export bewaard; waarden in het RSVZ-werkboek,"bedrijfstak (beroepscodes, zie voetnoot 2)",24 oktober 2025,nee (geen bronbestand),
data/raw/rsvz_samenstelling.csv,vrije_beroepen,Bedrijfstak: vrije beroepen,aantal,2000-2024,"rsvz/rsvz_samenstelling_zelfstandigen_2000-2024.xlsx :: 'Cijfers'!rij 33, kolommen B:Z",RSVZ statistiekendatabase (https://websta.rsvz-inasti.fgov.be/nl),Geen export bewaard; waarden in het RSVZ-werkboek,"bedrijfstak (beroepscodes, zie voetnoot 2)",24 oktober 2025,nee (geen bronbestand),
data/raw/rsvz_samenstelling.csv,diensten,Bedrijfstak: diensten,aantal,2000-2024,"rsvz/rsvz_samenstelling_zelfstandigen_2000-2024.xlsx :: 'Cijfers'!rij 34, kolommen B:Z",RSVZ statistiekendatabase (https://websta.rsvz-inasti.fgov.be/nl),Geen export bewaard; waarden in het RSVZ-werkboek,"bedrijfstak (beroepscodes, zie voetnoot 2)",24 oktober 2025,nee (geen bronbestand),
data/raw/rsvz_samenstelling.csv,diversen,Bedrijfstak: diversen,aantal,2000-2024,"rsvz/rsvz_samenstelling_zelfstandigen_2000-2024.xlsx :: 'Cijfers'!rij 35, kolommen B:Z",RSVZ statistiekendatabase (https://websta.rsvz-inasti.fgov.be/nl),Geen export bewaard; waarden in het RSVZ-werkboek,"bedrijfstak (beroepscodes, zie voetnoot 2)",24 oktober 2025,nee (geen bronbestand),
data/raw/fodsz_componenten.csv,z_pensioenen,Zelfstandigen: RSVZ-pensioenen,"duizend euro, nominaal",2000-2025,"fodsz/fodsz_zelfstandigen_2000-2025.xlsm (RECHTSTREEKS UIT BRON, niet in werkboek) :: 'Zelfstandigen - Indépendants'!rij 71, kolommen D:AC","FOD Sociale Zekerheid, ontvangsten en uitgaven globaal beheer (persoonlijke communicatie, 18 april 2025)",data/sources/fodsz/fodsz_zelfstandigen_2000-2025.xlsm,"blad 'Zelfstandigen - Indépendants', rij 71 (111 PE)",,n.v.t. (rechtstreeks uit bronbestand),"Bedragen in duizend euro, lopende rekeningen. 2000-2007 inclusief geneeskundige verzorging (zie fodsz_opmerkingen_bij_tabellen.docx). 2024-2025 zijn MONITOR_03.2025-ramingen, geen realisaties."
data/raw/fodsz_componenten.csv,z_gezinsbijslag,Zelfstandigen: RSVZ-gezinsbijslag,"duizend euro, nominaal",2000-2025,"fodsz/fodsz_zelfstandigen_2000-2025.xlsm (RECHTSTREEKS UIT BRON, niet in werkboek) :: 'Zelfstandigen - Indépendants'!rij 72, kolommen D:AC","FOD Sociale Zekerheid, ontvangsten en uitgaven globaal beheer (persoonlijke communicatie, 18 april 2025)",data/sources/fodsz/fodsz_zelfstandigen_2000-2025.xlsm,"blad 'Zelfstandigen - Indépendants', rij 72 (111 KB)",,n.v.t. (rechtstreeks uit bronbestand),"Bedragen in duizend euro, lopende rekeningen. 2000-2007 inclusief geneeskundige verzorging (zie fodsz_opmerkingen_bij_tabellen.docx). 2024-2025 zijn MONITOR_03.2025-ramingen, geen realisaties. Verdwijnt vanaf 2015 (6de staatshervorming)."
data/raw/fodsz_componenten.csv,z_naar_riziv,Zelfstandigen: overdrachten naar RIZIV-geneeskundige verzorging,"duizend euro, nominaal",2000-2025,"fodsz/fodsz_zelfstandigen_2000-2025.xlsm (RECHTSTREEKS UIT BRON, niet in werkboek) :: 'Zelfstandigen - Indépendants'!rij 79, kolommen D:AC","FOD Sociale Zekerheid, ontvangsten en uitgaven globaal beheer (persoonlijke communicatie, 18 april 2025)",data/sources/fodsz/fodsz_zelfstandigen_2000-2025.xlsm,"blad 'Zelfstandigen - Indépendants', rij 79 (114.2)",,n.v.t. (rechtstreeks uit bronbestand),"Bedragen in duizend euro, lopende rekeningen. 2000-2007 inclusief geneeskundige verzorging (zie fodsz_opmerkingen_bij_tabellen.docx). 2024-2025 zijn MONITOR_03.2025-ramingen, geen realisaties. Tot 2007 zit geneeskundige verzorging in de prestaties zelf."
data/raw/fodsz_componenten.csv,z_toelagen_bedrag,Zelfstandigen: toelagen van publieke overheden,"duizend euro, nominaal",2000-2025,"fodsz/fodsz_zelfstandigen_2000-2025.xlsm (RECHTSTREEKS UIT BRON, niet in werkboek) :: 'Zelfstandigen - Indépendants'!rij 30, kolommen D:AC","FOD Sociale Zekerheid, ontvangsten en uitgaven globaal beheer (persoonlijke communicatie, 18 april 2025)",data/sources/fodsz/fodsz_zelfstandigen_2000-2025.xlsm,"blad 'Zelfstandigen - Indépendants', rij 30 (102)",,n.v.t. (rechtstreeks uit bronbestand),"Bedragen in duizend euro, lopende rekeningen. 2000-2007 inclusief geneeskundige verzorging (zie fodsz_opmerkingen_bij_tabellen.docx). 2024-2025 zijn MONITOR_03.2025-ramingen, geen realisaties."
data/raw/fodsz_componenten.csv,z_alternatieve_bedrag,Zelfstandigen: alternatieve financiering,"duizend euro, nominaal",2000-2025,"fodsz/fodsz_zelfstandigen_2000-2025.xlsm (RECHTSTREEKS UIT BRON, niet in werkboek) :: 'Zelfstandigen - Indépendants'!rij 35, kolommen D:AC","FOD Sociale Zekerheid, ontvangsten en uitgaven globaal beheer (persoonlijke communicatie, 18 april 2025)",data/sources/fodsz/fodsz_zelfstandigen_2000-2025.xlsm,"blad 'Zelfstandigen - Indépendants', rij 35 (103)",,n.v.t. (rechtstreeks uit bronbestand),"Bedragen in duizend euro, lopende rekeningen. 2000-2007 inclusief geneeskundige verzorging (zie fodsz_opmerkingen_bij_tabellen.docx). 2024-2025 zijn MONITOR_03.2025-ramingen, geen realisaties."
data/raw/fodsz_componenten.csv,w_gezinsbijslag,Werknemers: gezinsbijslag,"duizend euro, nominaal",2000-2025,"fodsz/fodsz_werknemers_2000-2025.xlsm (RECHTSTREEKS UIT BRON, niet in werkboek) :: 'Werknemers - Salariés'!rij 74, kolommen D:AC","FOD Sociale Zekerheid, ontvangsten en uitgaven globaal beheer (persoonlijke communicatie, 18 april 2025)",data/sources/fodsz/fodsz_werknemers_2000-2025.xlsm,"blad 'Werknemers - Salariés', rij 74 (111 KB)",,n.v.t. (rechtstreeks uit bronbestand),"Bedragen in duizend euro, lopende rekeningen. 2000-2007 inclusief geneeskundige verzorging (zie fodsz_opmerkingen_bij_tabellen.docx). 2024-2025 zijn MONITOR_03.2025-ramingen, geen realisaties. Verdwijnt vanaf 2015 (6de staatshervorming)."
data/raw/fodsz_componenten.csv,w_naar_riziv,Werknemers: overdrachten naar RIZIV-geneeskundige verzorging,"duizend euro, nominaal",2000-2025,"fodsz/fodsz_werknemers_2000-2025.xlsm (RECHTSTREEKS UIT BRON, niet in werkboek) :: 'Werknemers - Salariés'!rij 85, kolommen D:AC","FOD Sociale Zekerheid, ontvangsten en uitgaven globaal beheer (persoonlijke communicatie, 18 april 2025)",data/sources/fodsz/fodsz_werknemers_2000-2025.xlsm,"blad 'Werknemers - Salariés', rij 85 (114.2)",,n.v.t. (rechtstreeks uit bronbestand),"Bedragen in duizend euro, lopende rekeningen. 2000-2007 inclusief geneeskundige verzorging (zie fodsz_opmerkingen_bij_tabellen.docx). 2024-2025 zijn MONITOR_03.2025-ramingen, geen realisaties."
data/raw/fodsz_componenten.csv,w_toelagen_bedrag,Werknemers: toelagen van publieke overheden,"duizend euro, nominaal",2000-2025,"fodsz/fodsz_werknemers_2000-2025.xlsm (RECHTSTREEKS UIT BRON, niet in werkboek) :: 'Werknemers - Salariés'!rij 23, kolommen D:AC","FOD Sociale Zekerheid, ontvangsten en uitgaven globaal beheer (persoonlijke communicatie, 18 april 2025)",data/sources/fodsz/fodsz_werknemers_2000-2025.xlsm,"blad 'Werknemers - Salariés', rij 23 (102)",,n.v.t. (rechtstreeks uit bronbestand),"Bedragen in duizend euro, lopende rekeningen. 2000-2007 inclusief geneeskundige verzorging (zie fodsz_opmerkingen_bij_tabellen.docx). 2024-2025 zijn MONITOR_03.2025-ramingen, geen realisaties."
data/raw/fodsz_componenten.csv,w_alternatieve_bedrag,Werknemers: alternatieve financiering,"duizend euro, nominaal",2000-2025,"fodsz/fodsz_werknemers_2000-2025.xlsm (RECHTSTREEKS UIT BRON, niet in werkboek) :: 'Werknemers - Salariés'!rij 31, kolommen D:AC","FOD Sociale Zekerheid, ontvangsten en uitgaven globaal beheer (persoonlijke communicatie, 18 april 2025)",data/sources/fodsz/fodsz_werknemers_2000-2025.xlsm,"blad 'Werknemers - Salariés', rij 31 (103)",,n.v.t. (rechtstreeks uit bronbestand),"Bedragen in duizend euro, lopende rekeningen. 2000-2007 inclusief geneeskundige verzorging (zie fodsz_opmerkingen_bij_tabellen.docx). 2024-2025 zijn MONITOR_03.2025-ramingen, geen realisaties."
data/raw/fodsz_componenten.csv,z_btw_bedrag,Zelfstandigen: alternatieve financiering uit btw,"duizend euro, nominaal",2000-2025,"fodsz/fodsz_zelfstandigen_2000-2025.xlsm (RECHTSTREEKS UIT BRON, niet in werkboek) :: 'Zelfstandigen - Indépendants'!rij 36, kolommen D:AC","FOD Sociale Zekerheid, ontvangsten en uitgaven globaal beheer (persoonlijke communicatie, 18 april 2025)",data/sources/fodsz/fodsz_zelfstandigen_2000-2025.xlsm,"blad 'Zelfstandigen - Indépendants', rij 36 (TVA + ART.24§1QUATER)",,n.v.t. (rechtstreeks uit bronbestand),"Bedragen in duizend euro, lopende rekeningen. 2000-2007 inclusief geneeskundige verzorging (zie fodsz_opmerkingen_bij_tabellen.docx). 2024-2025 zijn MONITOR_03.2025-ramingen, geen realisaties."
data/raw/fodsz_componenten.csv,z_rv_bedrag,Zelfstandigen: alternatieve financiering uit roerende voorheffing,"duizend euro, nominaal",2000-2025,"fodsz/fodsz_zelfstandigen_2000-2025.xlsm (RECHTSTREEKS UIT BRON, niet in werkboek) :: 'Zelfstandigen - Indépendants'!rij 43, kolommen D:AC","FOD Sociale Zekerheid, ontvangsten en uitgaven globaal beheer (persoonlijke communicatie, 18 april 2025)",data/sources/fodsz/fodsz_zelfstandigen_2000-2025.xlsm,"blad 'Zelfstandigen - Indépendants', rij 43 (RV)",,n.v.t. (rechtstreeks uit bronbestand),"Bedragen in duizend euro, lopende rekeningen. 2000-2007 inclusief geneeskundige verzorging (zie fodsz_opmerkingen_bij_tabellen.docx). 2024-2025 zijn MONITOR_03.2025-ramingen, geen realisaties."
data/raw/fodsz_componenten.csv,w_btw_bedrag,Werknemers: alternatieve financiering uit btw,"duizend euro, nominaal",2000-2025,"fodsz/fodsz_werknemers_2000-2025.xlsm (RECHTSTREEKS UIT BRON, niet in werkboek) :: 'Werknemers - Salariés'!rij 32, kolommen D:AC","FOD Sociale Zekerheid, ontvangsten en uitgaven globaal beheer (persoonlijke communicatie, 18 april 2025)",data/sources/fodsz/fodsz_werknemers_2000-2025.xlsm,"blad 'Werknemers - Salariés', rij 32 (TVA + ART.24§1QUATER)",,n.v.t. (rechtstreeks uit bronbestand),"Bedragen in duizend euro, lopende rekeningen. 2000-2007 inclusief geneeskundige verzorging (zie fodsz_opmerkingen_bij_tabellen.docx). 2024-2025 zijn MONITOR_03.2025-ramingen, geen realisaties."
data/raw/fodsz_componenten.csv,w_rv_bedrag,Werknemers: alternatieve financiering uit roerende voorheffing,"duizend euro, nominaal",2000-2025,"fodsz/fodsz_werknemers_2000-2025.xlsm (RECHTSTREEKS UIT BRON, niet in werkboek) :: 'Werknemers - Salariés'!rij 39, kolommen D:AC","FOD Sociale Zekerheid, ontvangsten en uitgaven globaal beheer (persoonlijke communicatie, 18 april 2025)",data/sources/fodsz/fodsz_werknemers_2000-2025.xlsm,"blad 'Werknemers - Salariés', rij 39 (RV)",,n.v.t. (rechtstreeks uit bronbestand),"Bedragen in duizend euro, lopende rekeningen. 2000-2007 inclusief geneeskundige verzorging (zie fodsz_opmerkingen_bij_tabellen.docx). 2024-2025 zijn MONITOR_03.2025-ramingen, geen realisaties."
